0,inf,inf,inf,inf,1.5551118186786195,1.7030084021676783,inf,inf,inf,1.884605766946933,inf,inf,inf,inf,inf,inf,inf,inf,inf,5.020288945106323,inf,inf,inf,inf,inf,2.162276014609801,inf,inf,inf,7.880461862377468,inf,inf,inf,inf,inf,inf,inf,inf,inf,inf,inf,inf,inf,inf,5.6328456193407215,inf,inf,inf,inf,inf,6.9207171877201725,inf,inf,inf,5.434710451337773,inf,8.439232591765926,8.279182147419245,inf,2.8093546057463357,inf,9.417649707054688,7.136161524205626,inf,1.9610254008472494,3.562840910626327,inf,inf,inf,inf,inf,3.338189195378274,inf,inf,inf,0.8339631171426243,6.7308873034990615,inf,inf,inf,inf,inf,6.732152020953764,6.074377027511436,inf,inf,5.951249984043072,9.145021305952543,inf,inf,inf,inf,inf,inf,inf,inf,inf,inf,inf
inf,0,4.530243879808172,9.463591197810233,inf,inf,inf,inf,inf,inf,inf,inf,inf,inf,inf,inf,inf,8.03668686244056,inf,inf,9.024456300020596,8.875308091715993,inf,inf,inf,9.662188392180136,5.7551392703190665,6.2607786741752625,inf,inf,inf,inf,inf,inf,inf,inf,inf,inf,4.039425374731996,inf,inf,inf,inf,inf,inf,inf,inf,inf,inf,inf,inf,inf,7.6569961305208185,4.98428135571732,inf,5.559561540425909,inf,6.887654182228664,inf,inf,inf,inf,inf,inf,5.795002751079989,inf,inf,inf,inf,inf,inf,8.106351486231208,inf,inf,inf,inf,inf,inf,inf,2.622402889067321,inf,inf,inf,4.637283713897876,5.648547473607307,inf,inf,inf,inf,inf,inf,9.086202164036056,7.859856525358122,inf,4.799099638748375,inf,inf,inf,inf,inf
inf,4.530243879808172,0,inf,6.102914482856223,inf,inf,inf,inf,inf,inf,inf,inf,inf,inf,inf,inf,inf,inf,2.7096883713860653,inf,inf,2.912483728457338,inf,inf,inf,inf,9.189942135284353,inf,inf,inf,5.156146044110911,3.5432876020129678,inf,inf,4.503159023519894,inf,0.07075988157491997,inf,3.3476333657700885,inf,inf,inf,inf,4.731143002095678,inf,inf,inf,inf,inf,inf,inf,inf,inf,inf,3.716443558136481,inf,inf,inf,inf,inf,inf,0.3734777121116306,inf,7.098708297667372,9.727383665048128,7.230217398133694,inf,inf,3.4482359052720293,inf,inf,5.101681426967959,inf,inf,0.7152297203044999,inf,inf,1.465965834397892,inf,inf,inf,inf,inf,inf,inf,inf,inf,inf,inf,inf,inf,inf,inf,inf,inf,inf,inf,inf,inf
inf,9.463591197810233,inf,0,inf,inf,inf,0.9075361426404838,inf,4.276462558666138,inf,inf,inf,3.1078791165964317,inf,inf,3.4613111123143248,inf,9.556046677403458,inf,inf,2.0603388046452675,inf,inf,0.5227204218884174,2.9732592556758353,1.9012508655219507,inf,inf,inf,inf,inf,6.264127806441565,3.835910548576159,inf,inf,inf,inf,9.427548777871953,inf,inf,inf,inf,inf,3.6051740906546503,inf,inf,inf,inf,8.41165491799108,inf,inf,7.500611542042498,7.272989382549435,inf,inf,inf,inf,7.323723705885955,inf,inf,inf,inf,inf,inf,inf,inf,1.904201810063979,inf,4.949729068933875,inf,2.5613660770827384,inf,inf,inf,inf,inf,7.676451837006455,inf,inf,inf,inf,inf,inf,5.247426026548903,inf,inf,inf,inf,inf,inf,inf,inf,inf,inf,inf,8.06788024069872,4.799967873005558,8.547542946841164,inf
inf,inf,6.102914482856223,inf,0,inf,3.002485467876407,inf,inf,inf,inf,inf,inf,inf,inf,inf,inf,inf,inf,inf,inf,2.8963985653329996,inf,4.367911662506456,inf,inf,inf,inf,inf,inf,inf,inf,inf,inf,inf,inf,inf,inf,inf,inf,9.610533393137674,1.6675952088393653,inf,inf,inf,inf,inf,inf,inf,4.542779565746163,inf,inf,inf,2.553706402138032,inf,inf,inf,inf,1.9411168320949768,inf,inf,inf,inf,inf,inf,inf,inf,inf,inf,inf,inf,inf,inf,4.49289248989845,inf,inf,inf,inf,inf,inf,9.266878985638352,inf,inf,inf,inf,inf,inf,inf,inf,inf,inf,inf,inf,inf,2.9293083947219936,inf,inf,9.587025998259431,inf,inf
1.5551118186786195,inf,inf,inf,inf,0,inf,inf,9.316236987378453,1.1417090819458042,1.4059257298433525,inf,inf,inf,5.921359612969328,inf,inf,inf,inf,inf,inf,inf,inf,inf,5.903672295529702,inf,4.844400267510117,inf,inf,inf,inf,inf,inf,8.478810753569386,inf,9.324230667301444,inf,inf,7.397743595280872,inf,4.70905508704662,inf,inf,inf,inf,inf,inf,inf,9.681491346975568,3.685842291433322,inf,inf,inf,inf,inf,inf,inf,inf,inf,inf,inf,inf,inf,inf,inf,inf,2.059571446257409,inf,inf,3.9033864186728295,inf,inf,inf,4.763633220820465,inf,inf,inf,inf,inf,inf,inf,inf,inf,6.020396779298634,inf,inf,1.8610975858734935,inf,inf,inf,inf,5.804859451091756,inf,inf,inf,inf,inf,inf,inf,inf
1.7030084021676783,inf,inf,inf,3.002485467876407,inf,0,inf,inf,inf,inf,inf,1.3602321906170067,3.374887346688047,9.208311214121862,6.475029419677148,inf,2.0631443560500706,inf,4.861052540098816,inf,2.418055321739762,inf,inf,inf,inf,inf,inf,inf,3.455272262016452,9.226128417054609,inf,inf,0.0007956579526735563,inf,inf,8.98240085644727,inf,6.324706385994522,inf,inf,inf,3.649117135527309,inf,0.8871540777275932,inf,9.309409082880991,inf,inf,inf,9.690158926665797,9.089794594921237,inf,inf,2.045467494051043,inf,inf,inf,inf,inf,inf,inf,inf,5.6917010337531675,inf,3.3988757664963076,inf,inf,inf,inf,inf,inf,inf,inf,inf,inf,inf,3.0080674135672822,inf,0.11987416623428393,5.440593381966337,inf,inf,7.184910060746691,9.047578558048222,inf,inf,3.8152738177134693,inf,inf,inf,inf,inf,inf,inf,inf,inf,inf,inf,inf
inf,inf,inf,0.9075361426404838,inf,inf,inf,0,9.334050582979089,inf,4.6567882037062525,inf,inf,inf,inf,inf,inf,2.559723907205862,8.318010603471992,inf,inf,1.4614109823170973,inf,7.812505574677554,inf,inf,inf,inf,inf,inf,7.44305730147363,5.145878792494153,inf,inf,inf,inf,inf,inf,inf,inf,inf,inf,inf,inf,4.437144510025252,inf,inf,inf,inf,5.671244548679005,inf,inf,inf,inf,inf,inf,inf,inf,inf,3.503221666216796,inf,inf,inf,inf,inf,1.6513154861258772,inf,inf,9.051333636613142,8.483949752063564,inf,inf,inf,6.652490666617737,inf,inf,8.000467169019002,3.6027276359819096,inf,9.338150507738227,1.6221514431711181,inf,inf,inf,inf,inf,5.181648708266681,inf,6.449886579394926,inf,inf,inf,inf,inf,4.611367709070089,inf,inf,inf,inf,inf
inf,inf,inf,inf,inf,9.316236987378453,inf,9.334050582979089,0,9.664987359387192,inf,inf,inf,2.092543185534753,inf,inf,inf,6.091829068215537,inf,inf,inf,inf,inf,inf,inf,inf,inf,inf,inf,inf,inf,inf,inf,inf,inf,4.47747554055821,inf,inf,inf,inf,inf,inf,inf,inf,7.02738392498977,inf,inf,inf,inf,inf,inf,inf,inf,inf,inf,inf,3.7765702791292624,inf,inf,8.211413336385998,9.326782431905151,inf,inf,inf,inf,inf,inf,inf,inf,inf,inf,inf,inf,inf,inf,inf,inf,inf,inf,6.084307077190023,inf,inf,inf,3.923472347438044,inf,inf,inf,inf,inf,inf,0.012874652340094661,inf,inf,inf,inf,3.7944344611021394,6.360813114212678,inf,inf,9.77880632933208
inf,inf,inf,4.276462558666138,inf,1.1417090819458042,inf,inf,9.664987359387192,0,inf,3.505343219337446,1.2544481991027756,inf,inf,8.424590268669697,inf,inf,4.818873753063004,inf,inf,9.282282787727027,9.8441919023217,inf,inf,inf,inf,1.199891888302148,inf,inf,inf,inf,inf,inf,7.224562233848345,inf,inf,inf,inf,inf,inf,inf,inf,4.922815477001907,8.439903412064746,inf,inf,4.417598739416388,inf,inf,inf,inf,inf,4.125299142179455,inf,inf,inf,5.168301204456714,inf,5.507498615617019,7.826961352322794,inf,inf,inf,inf,inf,inf,inf,inf,6.130209211792873,inf,inf,inf,inf,inf,inf,inf,inf,1.7075546054899393,inf,inf,inf,inf,inf,inf,inf,inf,inf,8.534293086677708,inf,inf,0.68885682663958,inf,inf,inf,inf,inf,inf,inf,8.381193404455383
1.884605766946933,inf,inf,inf,inf,1.4059257298433525,inf,4.6567882037062525,inf,inf,0,inf,inf,inf,inf,inf,inf,5.004608168546637,inf,inf,inf,inf,inf,inf,inf,inf,inf,inf,inf,3.539716528701052,inf,4.4428547931125735,inf,inf,inf,inf,inf,inf,inf,inf,inf,inf,inf,inf,inf,6.012298842447297,inf,2.647108872012496,inf,inf,inf,inf,inf,3.5867735052284075,inf,inf,3.1524975027114897,inf,inf,inf,inf,inf,inf,inf,3.56237964458346,inf,inf,inf,inf,inf,inf,0.7022481963057281,6.328751741777037,inf,4.0201364848917045,inf,1.340959997932678,inf,inf,inf,inf,0.5556433397123028,inf,inf,inf,1.0634238713397126,inf,inf,inf,inf,inf,inf,2.8297194698553776,inf,inf,inf,inf,inf,inf,inf
inf,inf,inf,inf,inf,inf,inf,inf,inf,3.505343219337446,inf,0,inf,inf,7.480120814486883,inf,inf,inf,inf,inf,2.7606054104539357,inf,7.585624565283579,5.547630699322044,inf,inf,inf,inf,inf,inf,inf,inf,inf,3.141914574356991,inf,inf,inf,5.371229214649943,inf,inf,inf,inf,inf,inf,inf,inf,inf,inf,inf,inf,inf,inf,inf,inf,3.1320531352341376,4.4610474146217225,inf,inf,inf,inf,inf,inf,inf,6.936990892109286,inf,inf,6.920731820565131,inf,7.100085204462267,inf,inf,inf,inf,inf,inf,inf,9.132435271209117,inf,inf,inf,inf,inf,inf,inf,inf,9.800444501733418,inf,inf,inf,inf,inf,8.344575324200951,2.837308001201033,5.398761430774032,8.122585487377705,inf,inf,7.957489159433596,inf,inf
inf,inf,inf,inf,inf,inf,1.3602321906170067,inf,inf,1.2544481991027756,inf,inf,0,3.544568315049964,inf,inf,inf,inf,inf,9.13977535935735,inf,inf,9.575321938415836,inf,inf,4.280597160013436,inf,inf,inf,inf,inf,inf,inf,inf,inf,inf,inf,inf,inf,inf,inf,8.553374858563297,inf,inf,0.22974312653368245,inf,inf,inf,inf,7.027377932623753,inf,9.206356323407203,inf,inf,inf,inf,inf,inf,inf,inf,inf,inf,inf,inf,inf,inf,5.774187581113617,inf,inf,inf,inf,inf,inf,inf,inf,inf,inf,2.1344788996359574,1.6023656525057894,inf,inf,inf,6.825499269931598,inf,inf,inf,inf,9.726935240443527,inf,inf,inf,inf,inf,inf,inf,inf,inf,inf,inf,inf
inf,inf,inf,3.1078791165964317,inf,inf,3.374887346688047,inf,2.092543185534753,inf,inf,inf,3.544568315049964,0,inf,inf,inf,5.8294097891507075,inf,inf,inf,inf,9.479611235261729,inf,inf,inf,inf,inf,inf,5.313699331531002,8.778805531165052,inf,inf,inf,inf,inf,inf,inf,inf,inf,inf,4.909805662753156,inf,inf,9.559508724088706,inf,8.00512719816833,inf,inf,8.139059162832572,inf,inf,inf,inf,4.18920993484035,inf,inf,inf,inf,inf,inf,inf,inf,2.089107425268002,inf,inf,inf,inf,inf,inf,inf,6.360393557224986,3.3894734632382173,inf,inf,inf,6.333117883376403,inf,9.304846424443298,inf,inf,4.348703871836115,9.51692032815988,inf,9.768058040250262,5.832194848613121,inf,inf,5.44327756587835,inf,inf,inf,5.022666238105056,5.601938592262292,inf,2.311213050643197,inf,inf,5.097302909517901,inf
inf,inf,inf,inf,inf,5.921359612969328,9.208311214121862,inf,inf,inf,inf,7.480120814486883,inf,inf,0,5.385781969557778,inf,1.0460519062332896,inf,inf,inf,inf,1.9805482323941381,inf,inf,0.30702890926293747,inf,inf,inf,inf,7.1401638577222375,inf,inf,inf,6.272457626440994,inf,inf,inf,inf,inf,inf,inf,inf,inf,inf,0.18659924765132008,inf,3.4526284150545825,0.8154901055021813,0.38350492898122424,7.1051109245778346,inf,inf,inf,inf,inf,inf,inf,inf,inf,inf,inf,inf,inf,inf,inf,inf,inf,8.08663443631019,inf,8.658585893819346,inf,inf,inf,inf,inf,9.342932882671295,inf,inf,inf,6.203702217757744,inf,inf,inf,8.424791676328551,inf,7.354947164250848,inf,inf,inf,inf,3.591787548077309,1.309996808660454,inf,inf,inf,inf,inf,inf,inf
inf,inf,inf,inf,inf,inf,6.475029419677148,inf,inf,8.424590268669697,inf,inf,inf,inf,5.385781969557778,0,2.8445206316488916,inf,1.172830865075174,inf,inf,inf,inf,inf,5.897954690652907,inf,inf,inf,6.257724802311837,inf,1.5690225417545667,0.7134834049331606,inf,inf,inf,9.11282097956891,inf,inf,inf,6.30571688880139,inf,inf,4.548844763339391,1.7382542161120862,inf,inf,1.1686040166972778,inf,inf,1.515642405454859,inf,inf,inf,inf,1.9584757298781152,inf,5.269850808498674,inf,inf,inf,inf,9.750547184872321,inf,inf,6.7085145440934015,inf,inf,inf,4.1150892623769755,inf,inf,inf,inf,inf,inf,inf,inf,inf,inf,inf,inf,inf,inf,inf,3.0773560182533055,inf,inf,inf,inf,inf,inf,inf,inf,inf,inf,inf,inf,inf,inf,inf
inf,inf,inf,3.4613111123143248,inf,inf,inf,inf,inf,inf,inf,inf,inf,inf,inf,2.8445206316488916,0,inf,inf,inf,inf,inf,6.446288797583772,inf,inf,inf,inf,4.993843160491326,inf,inf,inf,inf,inf,inf,inf,6.1565051000959485,7.509726178026243,inf,3.022536017650679,8.101720604080837,inf,inf,inf,inf,inf,inf,inf,inf,2.960632544179518,inf,2.323402180915531,inf,inf,inf,inf,inf,inf,0.012112873383552936,inf,inf,inf,4.600300176572358,inf,inf,inf,9.806532461404448,inf,6.227353415999507,inf,inf,inf,inf,inf,inf,inf,inf,inf,inf,5.623456103022147,inf,inf,inf,inf,inf,inf,inf,1.3888750205159117,inf,inf,inf,inf,inf,inf,inf,inf,inf,inf,inf,inf,inf
inf,8.03668686244056,inf,inf,inf,inf,2.0631443560500706,2.559723907205862,6.091829068215537,inf,5.004608168546637,inf,inf,5.8294097891507075,1.0460519062332896,inf,inf,0,inf,inf,inf,inf,inf,inf,inf,inf,inf,inf,5.710182865374306,inf,inf,inf,9.1318673247663,9.083596843738434,inf,inf,inf,inf,inf,inf,inf,inf,inf,inf,inf,inf,inf,inf,9.347672723753481,3.8954675768926705,inf,inf,1.7307147919528942,inf,inf,inf,9.846142798233148,inf,inf,inf,inf,inf,inf,inf,5.978704466302636,inf,inf,inf,inf,inf,inf,7.342495366851773,inf,inf,8.997580635003223,inf,inf,inf,9.141290585018439,4.229270663867224,inf,inf,inf,inf,4.75056669838974,1.0226134622217486,inf,inf,inf,inf,inf,inf,inf,inf,inf,inf,inf,inf,inf,inf
inf,inf,inf,9.556046677403458,inf,inf,inf,8.318010603471992,inf,4.818873753063004,inf,inf,inf,inf,inf,1.172830865075174,inf,inf,0,inf,inf,inf,8.113957787567102,inf,inf,1.9752825742857028,inf,inf,inf,inf,5.654509523261088,inf,5.739420738594489,inf,inf,inf,inf,inf,inf,inf,inf,inf,inf,inf,inf,inf,inf,inf,inf,inf,inf,inf,inf,inf,7.32852438651586,7.525894277230103,inf,9.083742050996065,inf,inf,3.2864841531306075,inf,inf,inf,inf,inf,inf,inf,inf,inf,inf,inf,inf,inf,inf,inf,inf,inf,inf,6.012334951591352,0.4873024524660996,inf,inf,inf,inf,inf,inf,8.195506210854123,inf,inf,inf,inf,inf,inf,inf,inf,inf,inf,inf,inf
inf,inf,2.7096883713860653,inf,inf,inf,4.861052540098816,inf,inf,inf,inf,inf,9.13977535935735,inf,inf,inf,inf,inf,inf,0,3.1651282642090406,inf,inf,6.907050311937809,inf,0.8638248709747098,inf,3.535722105414111,inf,inf,5.7460019791437364,inf,inf,inf,1.251271694990952,inf,inf,inf,inf,inf,inf,inf,inf,inf,inf,inf,inf,inf,inf,8.193151581468388,inf,inf,inf,inf,inf,inf,inf,inf,inf,inf,inf,inf,inf,inf,0.6437489635631999,inf,inf,inf,inf,inf,inf,inf,inf,inf,inf,0.32145560889144775,inf,3.2603969455627313,inf,inf,5.990945529696605,inf,inf,7.9240314792559445,inf,inf,inf,inf,inf,inf,inf,inf,inf,inf,inf,inf,inf,inf,inf,inf
5.020288945106323,9.024456300020596,inf,inf,inf,inf,inf,inf,inf,inf,inf,2.7606054104539357,inf,inf,inf,inf,inf,inf,inf,3.1651282642090406,0,inf,inf,inf,inf,4.542108687033357,inf,inf,inf,inf,inf,inf,inf,0.0049820550140167175,inf,inf,inf,inf,inf,inf,5.416530620820446,inf,inf,2.3767627897664267,inf,inf,inf,7.678021912439112,inf,inf,7.3151137729265905,0.24666364409581254,inf,inf,inf,inf,inf,0.07290053160112775,inf,inf,inf,3.07464918186243,inf,inf,inf,6.808639000444986,8.868553789253937,4.998731320465954,inf,7.756665950127756,inf,inf,7.738589974299234,2.848417086657389,inf,inf,inf,inf,9.451948799909065,inf,inf,inf,4.685160567756687,inf,inf,inf,inf,inf,inf,inf,inf,inf,inf,inf,inf,inf,inf,inf,inf,inf
inf,8.875308091715993,inf,2.0603388046452675,2.8963985653329996,inf,2.418055321739762,1.4614109823170973,inf,9.282282787727027,inf,inf,inf,inf,inf,inf,inf,inf,inf,inf,inf,0,inf,inf,inf,inf,inf,inf,2.419467075963068,inf,0.25960378186567157,inf,inf,inf,inf,inf,7.210002022643634,inf,inf,inf,9.231319835272787,inf,inf,inf,8.477279385876045,3.2523232581808372,inf,inf,inf,inf,inf,inf,4.28673824230553,inf,inf,inf,9.939736509604765,inf,inf,inf,inf,3.0766856320228486,inf,5.158064431777918,inf,2.4201628073672845,inf,inf,inf,4.4793799972886745,inf,inf,inf,inf,7.2377598649752795,inf,inf,inf,inf,inf,inf,9.022049999766825,4.361083955352539,inf,1.7860135707634528,3.1379793416450044,inf,5.189588386753389,inf,inf,7.150406210926398,inf,8.97722541470616,7.848791328753343,inf,inf,inf,inf,inf,2.2391526153575714
inf,inf,2.912483728457338,inf,inf,inf,inf,inf,inf,9.8441919023217,inf,7.585624565283579,9.575321938415836,9.479611235261729,1.9805482323941381,inf,6.446288797583772,inf,8.113957787567102,inf,inf,inf,0,inf,inf,inf,inf,0.9074612001525328,1.2376572321506485,inf,inf,inf,inf,inf,inf,inf,inf,inf,inf,inf,1.3434321481780964,inf,inf,1.4555872950319004,inf,inf,inf,inf,inf,2.5644194153961317,inf,inf,inf,0.24212104127920853,inf,inf,inf,inf,inf,inf,inf,inf,4.720681114028368,inf,8.293126037749845,inf,inf,inf,inf,inf,inf,inf,inf,inf,3.9849102825797345,7.76311612236421,inf,inf,inf,8.1530462175902,3.0523683515485223,inf,inf,5.964683284955566,3.713539454975492,inf,inf,2.3612167158617305,inf,inf,inf,inf,inf,inf,5.282814554807045,inf,inf,9.349310297506278,inf,inf
inf,inf,inf,inf,4.367911662506456,inf,inf,7.812505574677554,inf,inf,inf,5.547630699322044,inf,inf,inf,inf,inf,inf,inf,6.907050311937809,inf,inf,inf,0,inf,inf,inf,inf,inf,6.20866773706117,inf,inf,inf,9.21341695522964,inf,inf,inf,inf,inf,inf,6.747748810723609,inf,inf,inf,inf,inf,inf,inf,2.6345201148458743,inf,inf,inf,inf,3.1991600959343724,4.7155037518877005,inf,inf,inf,inf,inf,inf,inf,inf,3.4466698741807758,inf,inf,inf,8.223953785276535,inf,1.7938445390302238,inf,inf,inf,2.0709557884148255,inf,inf,inf,inf,2.8515688565633077,inf,inf,inf,inf,inf,inf,8.366466969640959,inf,inf,inf,inf,inf,inf,inf,inf,inf,inf,inf,inf,inf,inf
inf,inf,inf,0.5227204218884174,inf,5.903672295529702,inf,inf,inf,inf,inf,inf,inf,inf,inf,5.897954690652907,inf,inf,inf,inf,inf,inf,inf,inf,0,inf,inf,inf,8.27693978335396,inf,inf,inf,inf,inf,5.948206447165503,inf,inf,inf,inf,6.2152821725779255,inf,5.029728115145228,3.9417347467749018,inf,inf,inf,inf,inf,inf,inf,5.887931087233919,inf,inf,inf,inf,inf,inf,8.87107180032331,inf,8.040878897558597,4.598717350991116,inf,inf,inf,inf,inf,7.495752947068209,9.870154636431273,inf,inf,1.8881088068737417,inf,inf,inf,inf,inf,inf,inf,inf,inf,inf,inf,inf,inf,8.987339063695654,inf,inf,inf,inf,8.392022262183538,inf,6.4468846293859325,inf,inf,inf,0.18298406103116172,inf,inf,inf,6.4005937556177726
inf,9.662188392180136,inf,2.9732592556758353,inf,inf,inf,inf,inf,inf,inf,inf,4.280597160013436,inf,0.30702890926293747,inf,inf,inf,1.9752825742857028,0.8638248709747098,4.542108687033357,inf,inf,inf,inf,0,inf,inf,inf,inf,5.301645842452362,inf,inf,inf,inf,8.043582113894233,inf,inf,inf,inf,inf,inf,inf,inf,inf,inf,inf,3.0799463818605686,inf,inf,inf,inf,inf,inf,inf,inf,inf,inf,inf,inf,inf,5.817045422443546,inf,inf,inf,inf,inf,inf,inf,inf,inf,inf,inf,inf,inf,inf,8.790426160023246,inf,inf,inf,inf,inf,0.8573219160719225,inf,inf,6.982630506368553,inf,inf,7.6228622505314805,inf,inf,3.962029375824189,inf,inf,inf,inf,inf,inf,inf,inf
2.162276014609801,5.7551392703190665,inf,1.9012508655219507,inf,4.844400267510117,inf,inf,inf,inf,inf,inf,inf,inf,inf,inf,inf,inf,inf,inf,inf,inf,inf,inf,inf,inf,0,inf,inf,1.1723092070689678,inf,inf,1.384488518435728,inf,inf,inf,1.8278602973705516,inf,3.32585411219379,inf,inf,inf,inf,3.4865394069748223,inf,inf,inf,inf,inf,9.643688203763798,inf,inf,inf,inf,inf,inf,inf,0.3187869063022042,2.3561316697152956,inf,inf,inf,inf,2.712668107975648,inf,inf,inf,inf,inf,inf,inf,inf,inf,inf,6.279895738847962,inf,inf,inf,inf,3.0343454072396367,inf,inf,inf,inf,inf,inf,inf,inf,8.25271051547443,inf,inf,inf,inf,inf,inf,inf,inf,2.537759170931746,inf,inf
inf,6.2607786741752625,9.189942135284353,inf,inf,inf,inf,inf,inf,1.199891888302148,inf,inf,inf,inf,inf,inf,4.993843160491326,inf,inf,3.535722105414111,inf,inf,0.9074612001525328,inf,inf,inf,inf,0,inf,1.531260323928073,inf,4.430926971086329,inf,8.733986404161518,inf,inf,6.423644681783739,2.507079540144146,inf,inf,inf,inf,inf,inf,inf,inf,inf,inf,inf,inf,inf,inf,4.621189810809908,inf,3.4254744416887597,inf,0.38382763114680585,inf,inf,inf,inf,inf,inf,6.697133752698553,7.625163945999839,inf,inf,inf,inf,inf,inf,inf,inf,inf,inf,inf,4.840306980663617,8.97177183045359,inf,inf,9.741750136662201,5.615595278672307,7.571080616089539,4.288659079864731,inf,inf,inf,inf,inf,inf,8.92391525054575,inf,inf,inf,5.842095097509543,inf,1.087581781592638,1.8386195569218777,5.938832631178039,inf
inf,inf,inf,inf,inf,inf,inf,inf,inf,inf,inf,inf,inf,inf,inf,6.257724802311837,inf,5.710182865374306,inf,inf,inf,2.419467075963068,1.2376572321506485,inf,8.27693978335396,inf,inf,inf,0,inf,inf,inf,inf,inf,inf,inf,inf,7.12222144280233,inf,inf,4.938585232539737,inf,4.420649537952968,inf,2.3143850309491,inf,inf,inf,inf,inf,inf,inf,inf,inf,inf,inf,inf,inf,inf,inf,8.356496582781942,inf,9.532768641545324,1.3167329116098536,9.335404879475323,0.6488484179153675,inf,inf,inf,inf,inf,inf,inf,inf,inf,inf,inf,inf,0.5617283887010893,inf,inf,inf,inf,inf,inf,inf,inf,inf,inf,inf,0.7372016286538274,inf,inf,inf,inf,inf,0.7598463874351291,inf,3.492356259972116,2.4083192178600643
inf,inf,inf,inf,inf,inf,3.455272262016452,inf,inf,inf,3.539716528701052,inf,inf,5.313699331531002,inf,inf,inf,inf,inf,inf,inf,inf,inf,6.20866773706117,inf,inf,1.1723092070689678,1.531260323928073,inf,0,inf,inf,inf,inf,inf,inf,7.976641629519382,inf,inf,inf,inf,inf,inf,inf,inf,inf,inf,2.1076388183266346,inf,inf,inf,inf,inf,inf,inf,inf,inf,8.205084573823441,inf,inf,inf,inf,4.742221320696652,inf,inf,inf,inf,inf,inf,inf,inf,4.956360756683917,inf,inf,inf,inf,inf,7.645422130724391,6.484926116118538,inf,inf,inf,inf,inf,inf,inf,inf,inf,inf,inf,2.775553749974131,inf,2.064191155059273,4.960761335307259,inf,4.396425104031304,inf,inf,4.267015088473745,inf
7.880461862377468,inf,inf,inf,inf,inf,9.226128417054609,7.44305730147363,inf,inf,inf,inf,inf,8.778805531165052,7.1401638577222375,1.5690225417545667,inf,inf,5.654509523261088,5.7460019791437364,inf,0.25960378186567157,inf,inf,inf,5.301645842452362,inf,inf,inf,inf,0,inf,inf,inf,inf,inf,inf,inf,9.087269785281206,inf,inf,inf,inf,inf,inf,inf,inf,inf,inf,inf,inf,inf,inf,inf,inf,inf,inf,inf,inf,inf,inf,inf,inf,inf,5.6541580642419484,inf,inf,1.4249824143767342,1.0508260559497062,inf,inf,7.687634257940321,9.32923947306002,inf,0.5873311525060876,0.1322505148720876,inf,inf,inf,inf,5.096030609916507,2.425911949573721,inf,inf,inf,inf,inf,inf,3.752661265803958,inf,inf,inf,inf,inf,inf,0.6475739429390737,1.179519844641539,inf,inf,8.478709508038488
inf,inf,5.156146044110911,inf,inf,inf,inf,5.145878792494153,inf,inf,4.4428547931125735,inf,inf,inf,inf,0.7134834049331606,inf,inf,inf,inf,inf,inf,inf,inf,inf,inf,inf,4.430926971086329,inf,inf,inf,0,inf,inf,inf,2.7250033203178505,inf,inf,inf,inf,inf,inf,inf,inf,inf,inf,inf,inf,inf,inf,inf,inf,inf,inf,inf,inf,inf,inf,2.6388730966357565,7.986876453806212,inf,inf,inf,inf,inf,inf,2.9731387809766865,3.323711443302769,1.0834274232237373,1.0170164750734434,inf,inf,4.457142496566276,inf,inf,inf,inf,8.093576310492889,9.242597727321238,inf,inf,inf,inf,5.197751767151767,inf,inf,inf,6.592140101659869,inf,inf,1.4543364099130807,inf,inf,inf,inf,inf,inf,inf,inf,3.121618257024771
inf,inf,3.5432876020129678,6.264127806441565,inf,inf,inf,inf,inf,inf,inf,inf,inf,inf,inf,inf,inf,9.1318673247663,5.739420738594489,inf,inf,inf,inf,inf,inf,inf,1.384488518435728,inf,inf,inf,inf,inf,0,inf,inf,6.5223307558174,inf,inf,inf,inf,inf,inf,inf,4.605117171538396,inf,inf,inf,inf,inf,2.6405046027473755,inf,inf,9.812172586673505,inf,inf,inf,inf,inf,inf,inf,inf,inf,9.914546807419967,inf,inf,inf,9.260516293525475,inf,inf,inf,1.277941999637644,inf,inf,inf,inf,inf,inf,1.872530757642501,inf,inf,inf,inf,inf,inf,0.2528395318201393,3.3598542769433024,inf,7.698398866334392,inf,inf,inf,inf,inf,inf,inf,2.4693998240180504,inf,inf,inf,inf
inf,inf,inf,3.835910548576159,inf,8.478810753569386,0.0007956579526735563,inf,inf,inf,inf,3.141914574356991,inf,inf,inf,inf,inf,9.083596843738434,inf,inf,0.0049820550140167175,inf,inf,9.21341695522964,inf,inf,inf,8.733986404161518,inf,inf,inf,inf,inf,0,inf,9.916159453865943,inf,inf,5.806529739558695,2.546364093338881,6.509825106075243,4.786132676765648,5.906153549641312,inf,inf,5.816440584099594,inf,4.387437698582392,inf,inf,inf,inf,inf,2.182769787323923,inf,inf,inf,inf,inf,inf,0.5453034960858127,inf,9.986619769839283,inf,inf,inf,inf,inf,7.274877975872114,inf,inf,inf,inf,5.408138840367044,inf,inf,inf,inf,inf,inf,inf,inf,inf,inf,inf,inf,inf,inf,inf,3.027248569338512,inf,7.667301616357358,inf,inf,inf,4.267814767900603,inf,6.985493567026842,inf,inf
inf,inf,inf,inf,inf,inf,inf,inf,inf,7.224562233848345,inf,inf,inf,inf,6.272457626440994,inf,inf,inf,inf,1.251271694990952,inf,inf,inf,inf,5.948206447165503,inf,inf,inf,inf,inf,inf,inf,inf,inf,0,inf,inf,2.8025817680046714,inf,inf,inf,inf,inf,inf,inf,inf,inf,inf,6.223808479927193,inf,inf,inf,7.547262574340462,inf,inf,inf,inf,inf,inf,inf,inf,inf,inf,inf,inf,inf,inf,inf,inf,inf,inf,0.807081508540014,inf,inf,3.0695905245735364,7.541144857445129,inf,inf,inf,6.186547139540863,inf,inf,inf,5.985672045156854,inf,1.8002907673121404,inf,inf,inf,inf,9.74547066729818,inf,inf,inf,inf,3.98796323924815,inf,inf,inf,inf
inf,inf,4.503159023519894,inf,inf,9.324230667301444,inf,inf,4.47747554055821,inf,inf,inf,inf,inf,inf,9.11282097956891,6.1565051000959485,inf,inf,inf,inf,inf,inf,inf,inf,8.043582113894233,inf,inf,inf,inf,inf,2.7250033203178505,6.5223307558174,9.916159453865943,inf,0,inf,inf,3.1528412907387593,inf,0.45069020495977274,inf,2.2728663749318256,inf,inf,9.223044955949861,inf,inf,inf,inf,8.865099247475348,2.1933414770501614,inf,inf,inf,inf,inf,4.402294309978167,inf,inf,inf,inf,inf,7.896439069068862,inf,inf,inf,2.3473620870308642,inf,inf,inf,6.723272311149459,inf,inf,inf,inf,inf,9.777954214933972,inf,inf,inf,inf,inf,inf,inf,inf,3.58926585843336,inf,inf,inf,inf,inf,inf,inf,inf,inf,inf,inf,inf,inf
inf,inf,inf,inf,inf,inf,8.98240085644727,inf,inf,inf,inf,inf,inf,inf,inf,inf,7.509726178026243,inf,inf,inf,inf,7.210002022643634,inf,inf,inf,inf,1.8278602973705516,6.423644681783739,inf,7.976641629519382,inf,inf,inf,inf,inf,inf,0,inf,inf,inf,7.430175201856205,9.548845314690253,inf,5.192326146370313,inf,inf,inf,inf,3.378313289364482,inf,inf,inf,inf,inf,inf,4.427903668898505,inf,inf,inf,inf,inf,inf,inf,inf,inf,1.5449621781746448,inf,inf,inf,inf,inf,inf,inf,inf,7.892181410324332,inf,0.055622452960899516,inf,inf,inf,inf,inf,inf,2.410759252469543,inf,inf,inf,inf,inf,inf,inf,3.247825831153359,inf,inf,0.30481040822184835,inf,inf,inf,inf,inf
inf,inf,0.07075988157491997,inf,inf,inf,inf,inf,inf,inf,inf,5.371229214649943,inf,inf,inf,inf,inf,inf,inf,inf,inf,inf,inf,inf,inf,inf,inf,2.507079540144146,7.12222144280233,inf,inf,inf,inf,inf,2.8025817680046714,inf,inf,0,8.448352532408506,inf,inf,5.985901689500319,inf,inf,inf,inf,inf,inf,8.377132973359803,inf,inf,inf,inf,inf,1.9426281687416325,6.171047688264858,inf,inf,inf,5.5478656500804675,1.0527642654761182,inf,inf,inf,inf,3.8808671382543434,inf,inf,inf,inf,inf,5.497050002737259,3.2623455864553152,inf,3.381137077083307,inf,inf,inf,inf,inf,9.966396810844284,inf,inf,inf,inf,inf,inf,inf,inf,inf,inf,inf,inf,inf,inf,inf,inf,inf,inf,inf
inf,4.039425374731996,inf,9.427548777871953,inf,7.397743595280872,6.324706385994522,inf,inf,inf,inf,inf,inf,inf,inf,inf,3.022536017650679,inf,inf,inf,inf,inf,inf,inf,inf,inf,3.32585411219379,inf,inf,inf,9.087269785281206,inf,inf,5.806529739558695,inf,3.1528412907387593,inf,8.448352532408506,0,inf,inf,inf,inf,inf,inf,inf,inf,inf,inf,8.427254799674476,inf,inf,8.252100060420783,inf,inf,3.3312522473120754,inf,inf,inf,inf,inf,inf,inf,2.0925453957728712,inf,inf,inf,inf,inf,4.826366669732002,inf,inf,inf,inf,inf,2.6222726659704954,inf,inf,inf,inf,inf,7.3504700873741875,inf,7.072599305540281,inf,inf,inf,inf,inf,9.463122638791683,inf,inf,inf,inf,inf,9.810790738311292,inf,inf,6.692446270763669,inf
inf,inf,3.3476333657700885,inf,inf,inf,inf,inf,inf,inf,inf,inf,inf,inf,inf,6.30571688880139,8.101720604080837,inf,inf,inf,inf,inf,inf,inf,6.2152821725779255,inf,inf,inf,inf,inf,inf,inf,inf,2.546364093338881,inf,inf,inf,inf,inf,0,inf,inf,inf,inf,inf,inf,inf,inf,inf,inf,9.540669781918126,inf,inf,inf,inf,inf,inf,inf,inf,inf,inf,inf,inf,inf,inf,inf,inf,1.2981682848892306,inf,inf,inf,inf,inf,inf,inf,4.570536060027934,inf,5.163775781206592,inf,inf,inf,7.790695706253546,inf,inf,inf,inf,0.23653399814792309,inf,inf,8.631443455371787,inf,inf,inf,inf,inf,inf,inf,inf,inf,3.909974070235286
inf,inf,inf,inf,9.610533393137674,4.70905508704662,inf,inf,inf,inf,inf,inf,inf,inf,inf,inf,inf,inf,inf,inf,5.416530620820446,9.231319835272787,1.3434321481780964,6.747748810723609,inf,inf,inf,inf,4.938585232539737,inf,inf,inf,inf,6.509825106075243,inf,0.45069020495977274,7.430175201856205,inf,inf,inf,0,inf,inf,9.64332762430905,inf,inf,3.5215673300532857,8.7481739372312,inf,inf,inf,8.275199816128657,7.872317208231511,inf,7.866570521883358,inf,inf,inf,6.948442030634295,inf,inf,7.742465396560654,inf,inf,inf,inf,inf,inf,inf,inf,inf,inf,inf,inf,inf,inf,inf,8.140975317423337,4.9855279383748154,inf,inf,inf,6.129583668560942,inf,inf,1.7039165926480904,4.036870438585707,inf,inf,1.9405461158896076,inf,inf,inf,inf,inf,inf,inf,inf,inf,0.30748461727764353
inf,inf,inf,inf,1.6675952088393653,inf,inf,inf,inf,inf,inf,inf,8.553374858563297,4.909805662753156,inf,inf,inf,inf,inf,inf,inf,inf,inf,inf,5.029728115145228,inf,inf,inf,inf,inf,inf,inf,inf,4.786132676765648,inf,inf,9.548845314690253,5.985901689500319,inf,inf,inf,0,inf,inf,9.389269923759894,inf,inf,inf,inf,inf,inf,inf,inf,inf,1.7277350420615545,1.2348032018392174,inf,3.349113885829075,inf,inf,inf,inf,7.233677776487668,inf,inf,inf,8.782058016654226,inf,inf,inf,6.984945513668876,inf,inf,inf,inf,inf,1.9411398068698393,2.1938409141287316,inf,inf,3.3288665061312606,inf,inf,inf,inf,inf,inf,inf,5.282743069249062,inf,2.2568898582608945,2.2166873659344066,7.858884911996052,inf,inf,inf,inf,inf,inf,5.806126375432133
inf,inf,inf,inf,inf,inf,3.649117135527309,inf,inf,inf,inf,inf,inf,inf,inf,4.548844763339391,inf,inf,inf,inf,inf,inf,inf,inf,3.9417347467749018,inf,inf,inf,4.420649537952968,inf,inf,inf,inf,5.906153549641312,inf,2.2728663749318256,inf,inf,inf,inf,inf,inf,0,inf,inf,7.65621884141683,inf,0.8374219994423882,inf,inf,inf,inf,inf,inf,3.9884754961524207,inf,inf,inf,inf,inf,inf,inf,inf,inf,7.005793697586183,inf,inf,inf,9.889033096031213,inf,inf,inf,8.91222724785419,inf,inf,inf,5.67481838401096,inf,inf,inf,1.007029212635222,inf,5.785167301498493,inf,2.8199267589487853,inf,inf,inf,inf,5.3696775401931145,inf,inf,2.697914681298305,inf,inf,8.438818038939731,inf,inf,inf,2.0964494277814785
inf,inf,inf,inf,inf,inf,inf,inf,inf,4.922815477001907,inf,inf,inf,inf,inf,1.7382542161120862,inf,inf,inf,inf,2.3767627897664267,inf,1.4555872950319004,inf,inf,inf,3.4865394069748223,inf,inf,inf,inf,inf,4.605117171538396,inf,inf,inf,5.192326146370313,inf,inf,inf,9.64332762430905,inf,inf,0,inf,inf,inf,inf,inf,inf,inf,3.6580425998638444,inf,inf,inf,inf,1.4471245053285076,inf,inf,inf,9.523732799119621,inf,inf,inf,inf,inf,6.459678445448297,7.278160676420532,9.600202923741865,inf,inf,inf,inf,inf,inf,inf,inf,4.099920763286475,inf,inf,inf,inf,inf,inf,0.03384193825518578,inf,inf,inf,7.072302052499339,inf,inf,inf,3.9735243260690236,inf,6.3320575421323095,inf,inf,inf,inf,inf
inf,inf,4.731143002095678,3.6051740906546503,inf,inf,0.8871540777275932,4.437144510025252,7.02738392498977,8.439903412064746,inf,inf,0.22974312653368245,9.559508724088706,inf,inf,inf,inf,inf,inf,inf,8.477279385876045,inf,inf,inf,inf,inf,inf,2.3143850309491,inf,inf,inf,inf,inf,inf,inf,inf,inf,inf,inf,inf,9.389269923759894,inf,inf,0,inf,9.516197035843534,inf,inf,inf,inf,inf,4.947755005427736,inf,inf,9.46987083705087,inf,inf,inf,inf,inf,inf,inf,inf,inf,inf,inf,inf,inf,inf,9.110247892236279,inf,inf,0.30763205386858394,inf,inf,inf,inf,inf,inf,inf,inf,inf,inf,inf,inf,inf,inf,inf,inf,inf,inf,inf,inf,inf,7.027735949809425,1.3618577781897834,inf,1.5714498840381141,inf
5.6328456193407215,inf,inf,inf,inf,inf,inf,inf,inf,inf,6.012298842447297,inf,inf,inf,0.18659924765132008,inf,inf,inf,inf,inf,inf,3.2523232581808372,inf,inf,inf,inf,inf,inf,inf,inf,inf,inf,inf,5.816440584099594,inf,9.223044955949861,inf,inf,inf,inf,inf,inf,7.65621884141683,inf,inf,0,inf,inf,inf,8.255317744327881,6.034644608890829,inf,inf,inf,1.4688791397342638,inf,inf,inf,inf,7.30437665139955,inf,inf,inf,inf,inf,2.53576454403683,inf,6.366317061648763,inf,inf,inf,inf,inf,inf,9.912439002489329,inf,inf,inf,7.94937091398653,inf,inf,4.615545678427636,2.417867412164388,1.278449934888407,inf,inf,inf,inf,4.1754829756673555,inf,inf,4.628246132735646,inf,inf,inf,inf,inf,inf,inf,3.729641335861081
inf,inf,inf,inf,inf,inf,9.309409082880991,inf,inf,inf,inf,inf,inf,8.00512719816833,inf,1.1686040166972778,inf,inf,inf,inf,inf,inf,inf,inf,inf,inf,inf,inf,inf,inf,inf,inf,inf,inf,inf,inf,inf,inf,inf,inf,3.5215673300532857,inf,inf,inf,9.516197035843534,inf,0,inf,inf,5.708925512775888,inf,inf,inf,inf,inf,inf,9.99302375847664,2.025072995606717,inf,inf,inf,inf,inf,inf,inf,inf,inf,inf,inf,inf,2.615228099694751,0.41725731935639887,inf,inf,5.940184914571455,inf,inf,inf,inf,7.123206247525883,inf,inf,inf,inf,inf,8.798372680493987,inf,inf,inf,inf,inf,inf,inf,inf,5.220331357519577,1.86095425862298,inf,inf,inf,inf
inf,inf,inf,inf,inf,inf,inf,inf,inf,4.417598739416388,2.647108872012496,inf,inf,inf,3.4526284150545825,inf,inf,inf,inf,inf,7.678021912439112,inf,inf,inf,inf,3.0799463818605686,inf,inf,inf,2.1076388183266346,inf,inf,inf,4.387437698582392,inf,inf,inf,inf,inf,inf,8.7481739372312,inf,0.8374219994423882,inf,inf,inf,inf,0,inf,inf,3.7303096551484516,inf,inf,inf,7.6108285652727705,inf,inf,inf,inf,inf,inf,inf,inf,4.53828812418816,inf,inf,inf,inf,inf,inf,inf,inf,inf,inf,inf,inf,inf,7.603793388323952,inf,inf,inf,inf,inf,inf,inf,inf,inf,inf,inf,0.727141436406481,inf,inf,4.5774929415501475,inf,inf,inf,inf,inf,inf,inf
inf,inf,inf,inf,inf,9.681491346975568,inf,inf,inf,inf,inf,inf,inf,inf,0.8154901055021813,inf,2.960632544179518,9.347672723753481,inf,inf,inf,inf,inf,2.6345201148458743,inf,inf,inf,inf,inf,inf,inf,inf,inf,inf,6.223808479927193,inf,3.378313289364482,8.377132973359803,inf,inf,inf,inf,inf,inf,inf,inf,inf,inf,0,inf,inf,0.5193616014133551,inf,inf,inf,2.4835507134291355,inf,inf,inf,inf,inf,0.34515937939942454,inf,6.725471969906129,inf,inf,inf,inf,inf,inf,inf,8.55514348443405,inf,inf,inf,inf,inf,inf,inf,inf,inf,inf,inf,inf,inf,inf,inf,inf,inf,inf,inf,inf,inf,inf,inf,0.9407581543186649,inf,inf,inf,inf
inf,inf,inf,8.41165491799108,4.542779565746163,3.685842291433322,inf,5.671244548679005,inf,inf,inf,inf,7.027377932623753,8.139059162832572,0.38350492898122424,1.515642405454859,inf,3.8954675768926705,inf,8.193151581468388,inf,inf,2.5644194153961317,inf,inf,inf,9.643688203763798,inf,inf,inf,inf,inf,2.6405046027473755,inf,inf,inf,inf,inf,8.427254799674476,inf,inf,inf,inf,inf,inf,8.255317744327881,5.708925512775888,inf,inf,0,inf,inf,inf,7.251545258516217,8.156889218982347,inf,inf,4.357403278946172,1.069561344320642,inf,6.082496236866179,inf,inf,inf,inf,inf,1.4801504024373269,inf,inf,inf,inf,inf,7.4246975881026955,inf,inf,inf,inf,inf,inf,inf,inf,inf,inf,inf,inf,inf,8.898827174141731,inf,inf,inf,inf,inf,inf,inf,inf,inf,inf,inf,inf,inf
inf,inf,inf,inf,inf,inf,9.690158926665797,inf,inf,inf,inf,inf,inf,inf,7.1051109245778346,inf,2.323402180915531,inf,inf,inf,7.3151137729265905,inf,inf,inf,5.887931087233919,inf,inf,inf,inf,inf,inf,inf,inf,inf,inf,8.865099247475348,inf,inf,inf,9.540669781918126,inf,inf,inf,inf,inf,6.034644608890829,inf,3.7303096551484516,inf,inf,0,5.269196915079321,inf,inf,inf,inf,6.083855286826676,inf,inf,inf,1.482539180688771,inf,inf,8.028127863248537,inf,inf,inf,inf,inf,inf,inf,inf,inf,inf,inf,inf,inf,inf,inf,inf,inf,inf,inf,inf,inf,inf,inf,inf,inf,9.52110555425185,inf,inf,2.2719214408115684,inf,inf,0.7796443128764075,inf,inf,0.2778784873568707,4.519420370293594
6.9207171877201725,inf,inf,inf,inf,inf,9.089794594921237,inf,inf,inf,inf,inf,9.206356323407203,inf,inf,inf,inf,inf,inf,inf,0.24666364409581254,inf,inf,inf,inf,inf,inf,inf,inf,inf,inf,inf,inf,inf,inf,2.1933414770501614,inf,inf,inf,inf,8.275199816128657,inf,inf,3.6580425998638444,inf,inf,inf,inf,0.5193616014133551,inf,5.269196915079321,0,1.0442970689604147,4.416320470401011,inf,inf,inf,inf,inf,inf,inf,inf,8.444248106930976,8.426605451802518,9.69677837299022,inf,inf,inf,inf,inf,inf,inf,inf,2.3182565413965097,inf,inf,7.481374572578358,0.24554508769342953,inf,inf,inf,inf,inf,inf,inf,inf,inf,inf,inf,inf,inf,inf,inf,inf,7.363009661646064,inf,inf,inf,inf,inf
inf,7.6569961305208185,inf,7.500611542042498,inf,inf,inf,inf,inf,inf,inf,inf,inf,inf,inf,inf,inf,1.7307147919528942,inf,inf,inf,4.28673824230553,inf,inf,inf,inf,inf,4.621189810809908,inf,inf,inf,inf,9.812172586673505,inf,7.547262574340462,inf,inf,inf,8.252100060420783,inf,7.872317208231511,inf,inf,inf,4.947755005427736,inf,inf,inf,inf,inf,inf,1.0442970689604147,0,inf,inf,inf,inf,inf,inf,inf,inf,inf,2.9812627661799596,inf,5.710486141658137,9.617359265040717,inf,inf,5.057644219961446,inf,inf,inf,inf,inf,inf,inf,inf,8.663616660597077,inf,inf,inf,inf,inf,inf,inf,inf,inf,inf,inf,inf,inf,inf,inf,inf,inf,inf,inf,inf,inf,inf
inf,4.98428135571732,inf,7.272989382549435,2.553706402138032,inf,inf,inf,inf,4.125299142179455,3.5867735052284075,inf,inf,inf,inf,inf,inf,inf,inf,inf,inf,inf,0.24212104127920853,3.1991600959343724,inf,inf,inf,inf,inf,inf,inf,inf,inf,2.182769787323923,inf,inf,inf,inf,inf,inf,inf,inf,inf,inf,inf,inf,inf,inf,inf,7.251545258516217,inf,4.416320470401011,inf,0,inf,inf,0.05980158786529355,inf,inf,inf,inf,inf,inf,inf,inf,6.169016392125231,4.862100773748263,8.281824138869641,inf,inf,inf,9.155029925089394,9.64054612362888,inf,2.7798877587072823,0.8831275428480245,0.61576999950268,inf,inf,inf,inf,inf,inf,inf,4.974307416984578,inf,inf,inf,inf,inf,0.9003605610322774,inf,inf,inf,inf,inf,inf,9.618289529061318,7.166599472544508,inf
inf,inf,inf,inf,inf,inf,2.045467494051043,inf,inf,inf,inf,3.1320531352341376,inf,4.18920993484035,inf,1.9584757298781152,inf,inf,7.32852438651586,inf,inf,inf,inf,4.7155037518877005,inf,inf,inf,3.4254744416887597,inf,inf,inf,inf,inf,inf,inf,inf,inf,1.9426281687416325,inf,inf,7.866570521883358,1.7277350420615545,3.9884754961524207,inf,inf,1.4688791397342638,inf,7.6108285652727705,inf,8.156889218982347,inf,inf,inf,inf,0,inf,inf,inf,inf,7.339820543268923,6.200531036495707,inf,inf,inf,inf,inf,inf,inf,inf,8.389507992899423,9.134560138655791,inf,inf,6.4303291640449824,inf,inf,inf,inf,1.1129885543813045,inf,inf,inf,7.170826027896011,inf,inf,inf,inf,6.785315571401353,inf,1.8758661918312114,inf,inf,4.020632424000229,6.57918491002155,inf,inf,inf,inf,inf,inf
5.434710451337773,5.559561540425909,3.716443558136481,inf,inf,inf,inf,inf,inf,inf,inf,4.4610474146217225,inf,inf,inf,inf,inf,inf,7.525894277230103,inf,inf,inf,inf,inf,inf,inf,inf,inf,inf,inf,inf,inf,inf,inf,inf,inf,4.427903668898505,6.171047688264858,3.3312522473120754,inf,inf,1.2348032018392174,inf,inf,9.46987083705087,inf,inf,inf,2.4835507134291355,inf,inf,inf,inf,inf,inf,0,5.418037942540038,inf,inf,inf,inf,inf,inf,inf,inf,inf,inf,inf,inf,inf,inf,inf,5.293455481722696,inf,inf,inf,inf,inf,inf,inf,inf,inf,6.531125929102446,inf,inf,inf,inf,inf,0.003927397500672614,8.324140860941066,inf,inf,inf,inf,inf,inf,3.7964139653339934,inf,inf,inf
inf,inf,inf,inf,inf,inf,inf,inf,3.7765702791292624,inf,3.1524975027114897,inf,inf,inf,inf,5.269850808498674,inf,9.846142798233148,inf,inf,inf,9.939736509604765,inf,inf,inf,inf,inf,0.38382763114680585,inf,inf,inf,inf,inf,inf,inf,inf,inf,inf,inf,inf,inf,inf,inf,1.4471245053285076,inf,inf,9.99302375847664,inf,inf,inf,6.083855286826676,inf,inf,0.05980158786529355,inf,5.418037942540038,0,inf,inf,inf,inf,inf,0.6464403097420535,8.440292835897878,inf,inf,inf,inf,inf,inf,inf,inf,inf,6.139846525334392,inf,inf,inf,1.2630136426848027,inf,inf,inf,inf,inf,inf,inf,inf,inf,inf,inf,inf,1.6837530115272403,inf,inf,inf,inf,inf,7.496067404240979,inf,inf,3.9311288490411176
8.439232591765926,6.887654182228664,inf,inf,inf,inf,inf,inf,inf,5.168301204456714,inf,inf,inf,inf,inf,inf,0.012112873383552936,inf,9.083742050996065,inf,0.07290053160112775,inf,inf,inf,8.87107180032331,inf,0.3187869063022042,inf,inf,8.205084573823441,inf,inf,inf,inf,inf,4.402294309978167,inf,inf,inf,inf,inf,3.349113885829075,inf,inf,inf,inf,2.025072995606717,inf,inf,4.357403278946172,inf,inf,inf,inf,inf,inf,inf,0,8.690323332782175,6.265878169738502,inf,2.043787763325493,5.599576147998282,6.678599109265949,inf,inf,inf,inf,inf,inf,inf,inf,inf,inf,inf,inf,inf,inf,inf,inf,inf,inf,9.024642402594253,inf,2.1709400621465544,inf,inf,inf,2.6941374494141246,inf,inf,inf,7.28259932602561,inf,inf,inf,inf,inf,inf,4.663719188277689
8.279182147419245,inf,inf,7.323723705885955,1.9411168320949768,inf,inf,inf,inf,inf,inf,inf,inf,inf,inf,inf,inf,inf,inf,inf,inf,inf,inf,inf,inf,inf,2.3561316697152956,inf,inf,inf,inf,2.6388730966357565,inf,inf,inf,inf,inf,inf,inf,inf,6.948442030634295,inf,inf,inf,inf,inf,inf,inf,inf,1.069561344320642,inf,inf,inf,inf,inf,inf,inf,8.690323332782175,0,inf,inf,inf,inf,8.542777837100413,inf,inf,inf,inf,1.0590493684530844,inf,inf,inf,0.6507769451422263,4.022037805180677,inf,inf,inf,inf,inf,inf,inf,inf,inf,inf,inf,inf,inf,inf,inf,4.624324095975597,inf,inf,inf,inf,inf,inf,inf,inf,inf,5.2555936775053835
inf,inf,inf,inf,inf,inf,inf,3.503221666216796,8.211413336385998,5.507498615617019,inf,inf,inf,inf,inf,inf,inf,inf,inf,inf,inf,inf,inf,inf,8.040878897558597,inf,inf,inf,inf,inf,inf,7.986876453806212,inf,inf,inf,inf,inf,5.5478656500804675,inf,inf,inf,inf,inf,inf,inf,7.30437665139955,inf,inf,inf,inf,inf,inf,inf,inf,7.339820543268923,inf,inf,6.265878169738502,inf,0,inf,inf,inf,1.823298213317085,inf,inf,inf,inf,inf,inf,inf,4.3373131263866185,inf,inf,inf,inf,3.033113847321931,inf,inf,inf,inf,inf,5.392846347719847,inf,inf,inf,9.26137259971474,inf,inf,inf,inf,8.924026535850832,inf,6.2965322923733265,inf,inf,4.976254275383258,inf,inf,inf
2.8093546057463357,inf,inf,inf,inf,inf,inf,inf,9.326782431905151,7.826961352322794,inf,inf,inf,inf,inf,inf,inf,inf,3.2864841531306075,inf,inf,inf,inf,inf,4.598717350991116,inf,inf,inf,8.356496582781942,inf,inf,inf,inf,0.5453034960858127,inf,inf,inf,1.0527642654761182,inf,inf,inf,inf,inf,9.523732799119621,inf,inf,inf,inf,inf,6.082496236866179,1.482539180688771,inf,inf,inf,6.200531036495707,inf,inf,inf,inf,inf,0,inf,inf,inf,7.043968565534478,inf,inf,inf,inf,inf,inf,inf,inf,inf,4.409390837905125,inf,5.943682796154639,7.037585414924856,inf,inf,inf,inf,inf,inf,inf,inf,1.7704115461870262,inf,inf,inf,inf,inf,inf,inf,6.525001177750184,inf,inf,inf,inf,inf
inf,inf,inf,inf,inf,inf,inf,inf,inf,inf,inf,inf,inf,inf,inf,9.750547184872321,4.600300176572358,inf,inf,inf,3.07464918186243,3.0766856320228486,inf,inf,inf,5.817045422443546,inf,inf,inf,inf,inf,inf,inf,inf,inf,inf,inf,inf,inf,inf,7.742465396560654,inf,inf,inf,inf,inf,inf,inf,0.34515937939942454,inf,inf,inf,inf,inf,inf,inf,inf,2.043787763325493,inf,inf,inf,0,inf,0.22168179979173863,7.775291859517402,inf,inf,inf,inf,inf,inf,inf,inf,inf,inf,inf,inf,inf,inf,inf,inf,inf,inf,inf,inf,inf,inf,inf,inf,inf,inf,inf,inf,inf,inf,inf,inf,inf,inf,inf
9.417649707054688,inf,0.3734777121116306,inf,inf,inf,inf,inf,inf,inf,inf,inf,inf,inf,inf,inf,inf,inf,inf,inf,inf,inf,4.720681114028368,inf,inf,inf,inf,inf,9.532768641545324,4.742221320696652,inf,inf,9.914546807419967,9.986619769839283,inf,inf,inf,inf,inf,inf,inf,7.233677776487668,inf,inf,inf,inf,inf,inf,inf,inf,inf,8.444248106930976,2.9812627661799596,inf,inf,inf,0.6464403097420535,5.599576147998282,inf,inf,inf,inf,0,2.416727537220733,inf,inf,inf,inf,7.457848352961948,inf,inf,inf,inf,inf,inf,inf,inf,inf,inf,inf,inf,inf,inf,7.533300783897969,inf,inf,inf,inf,7.756693164830368,inf,inf,4.928856121040433,inf,inf,4.493987673700966,inf,inf,inf,inf,inf
7.136161524205626,inf,inf,inf,inf,inf,5.6917010337531675,inf,inf,inf,inf,6.936990892109286,inf,2.089107425268002,inf,inf,inf,inf,inf,inf,inf,5.158064431777918,inf,3.4466698741807758,inf,inf,2.712668107975648,6.697133752698553,1.3167329116098536,inf,inf,inf,inf,inf,inf,7.896439069068862,inf,inf,2.0925453957728712,inf,inf,inf,inf,inf,inf,inf,inf,4.53828812418816,6.725471969906129,inf,8.028127863248537,8.426605451802518,inf,inf,inf,inf,8.440292835897878,6.678599109265949,8.542777837100413,1.823298213317085,inf,0.22168179979173863,2.416727537220733,0,inf,8.150755391134133,1.091213025491884,0.4502870068012821,inf,inf,inf,inf,inf,inf,inf,inf,inf,inf,8.431468027873159,inf,inf,inf,inf,8.159996308112447,inf,inf,inf,inf,inf,inf,3.0500916010642767,inf,6.241809201147377,0.7701166242503454,4.226250783627155,inf,inf,inf,inf,inf
inf,5.795002751079989,7.098708297667372,inf,inf,inf,inf,inf,inf,inf,3.56237964458346,inf,inf,inf,inf,6.7085145440934015,inf,5.978704466302636,inf,0.6437489635631999,inf,inf,8.293126037749845,inf,inf,inf,inf,7.625163945999839,9.335404879475323,inf,5.6541580642419484,inf,inf,inf,inf,inf,inf,inf,inf,inf,inf,inf,7.005793697586183,inf,inf,inf,inf,inf,inf,inf,inf,9.69677837299022,5.710486141658137,inf,inf,inf,inf,inf,inf,inf,7.043968565534478,7.775291859517402,inf,inf,0,inf,2.5470773591879823,inf,inf,inf,9.13291173987184,inf,inf,inf,inf,inf,5.818672744943749,7.239555482840718,inf,9.546554723008322,inf,inf,inf,7.40034091254239,9.351485786272812,inf,inf,inf,inf,inf,inf,3.094390288087674,inf,inf,4.713014052551012,3.7306492329407517,inf,inf,inf,inf
1.9610254008472494,inf,9.727383665048128,inf,inf,inf,3.3988757664963076,1.6513154861258772,inf,inf,inf,inf,inf,inf,inf,inf,9.806532461404448,inf,inf,inf,6.808639000444986,2.4201628073672845,inf,inf,inf,inf,inf,inf,0.6488484179153675,inf,inf,inf,inf,inf,inf,inf,1.5449621781746448,3.8808671382543434,inf,inf,inf,inf,inf,inf,inf,2.53576454403683,inf,inf,inf,inf,inf,inf,9.617359265040717,6.169016392125231,inf,inf,inf,inf,inf,inf,inf,inf,inf,8.150755391134133,inf,0,inf,inf,inf,inf,inf,8.541740223808368,inf,inf,inf,7.6562778110783425,6.19130557002971,inf,inf,inf,inf,inf,inf,inf,inf,inf,inf,9.354913513991045,inf,inf,inf,inf,1.7146789630958092,inf,5.72344613996028,3.645195811580951,inf,inf,5.179957758008853,inf
3.562840910626327,inf,7.230217398133694,inf,inf,2.059571446257409,inf,inf,inf,inf,inf,6.920731820565131,5.774187581113617,inf,inf,inf,inf,inf,inf,inf,8.868553789253937,inf,inf,inf,7.495752947068209,inf,inf,inf,inf,inf,inf,2.9731387809766865,9.260516293525475,inf,inf,inf,inf,inf,inf,inf,inf,8.782058016654226,inf,6.459678445448297,inf,inf,inf,inf,inf,1.4801504024373269,inf,inf,inf,4.862100773748263,inf,inf,inf,inf,inf,inf,inf,inf,inf,1.091213025491884,2.5470773591879823,inf,0,inf,inf,inf,inf,3.2264257575080912,inf,inf,inf,inf,inf,inf,inf,6.81517621207175,inf,inf,9.796248321755751,inf,inf,0.7809964773553202,inf,9.3502803114438,inf,inf,8.30627955476836,inf,inf,inf,inf,inf,inf,inf,0.3217187916787878,inf
inf,inf,inf,1.904201810063979,inf,inf,inf,inf,inf,inf,inf,inf,inf,inf,inf,inf,6.227353415999507,inf,inf,inf,4.998731320465954,inf,inf,8.223953785276535,9.870154636431273,inf,inf,inf,inf,inf,1.4249824143767342,3.323711443302769,inf,inf,inf,2.3473620870308642,inf,inf,inf,1.2981682848892306,inf,inf,inf,7.278160676420532,inf,6.366317061648763,inf,inf,inf,inf,inf,inf,inf,8.281824138869641,inf,inf,inf,inf,inf,inf,inf,inf,inf,0.4502870068012821,inf,inf,inf,0,inf,inf,inf,inf,5.151701505403895,inf,inf,4.277955808767219,inf,inf,inf,9.664957844109166,inf,5.370147701989271,inf,inf,inf,inf,inf,inf,inf,inf,inf,4.2756185713430686,inf,inf,inf,2.878544027308515,0.8366891227454742,inf,inf,inf
inf,inf,inf,inf,inf,inf,inf,9.051333636613142,inf,inf,inf,7.100085204462267,inf,inf,8.08663443631019,4.1150892623769755,inf,inf,inf,inf,inf,inf,inf,inf,inf,inf,inf,inf,inf,inf,1.0508260559497062,1.0834274232237373,inf,7.274877975872114,inf,inf,inf,inf,inf,inf,inf,inf,9.889033096031213,9.600202923741865,inf,inf,inf,inf,inf,inf,inf,inf,5.057644219961446,inf,inf,inf,inf,inf,1.0590493684530844,inf,inf,inf,7.457848352961948,inf,inf,inf,inf,inf,0,5.281082218112299,inf,inf,8.93996803003714,inf,inf,0.4374102149042369,inf,inf,inf,inf,7.066727600539493,inf,inf,8.477188599698593,inf,inf,inf,inf,1.4790547327471038,inf,inf,inf,inf,inf,inf,inf,5.614610978720698,inf,inf,inf
inf,inf,3.4482359052720293,4.949729068933875,inf,3.9033864186728295,inf,8.483949752063564,inf,6.130209211792873,inf,inf,inf,inf,inf,inf,inf,inf,inf,inf,7.756665950127756,4.4793799972886745,inf,1.7938445390302238,inf,inf,inf,inf,inf,inf,inf,1.0170164750734434,inf,inf,inf,inf,inf,inf,4.826366669732002,inf,inf,inf,inf,inf,inf,inf,inf,inf,inf,inf,inf,inf,inf,inf,8.389507992899423,inf,inf,inf,inf,inf,inf,inf,inf,inf,inf,inf,inf,inf,5.281082218112299,0,inf,inf,inf,5.937774095576317,inf,8.316989456122265,inf,inf,inf,inf,1.7440079715776668,inf,inf,inf,inf,inf,inf,inf,inf,9.57075872759361,inf,inf,inf,inf,1.8368857436789188,inf,inf,5.835497763911192,inf,inf
inf,inf,inf,inf,inf,inf,inf,inf,inf,inf,inf,inf,inf,inf,8.658585893819346,inf,inf,inf,inf,inf,inf,inf,inf,inf,1.8881088068737417,inf,inf,inf,inf,inf,inf,inf,1.277941999637644,inf,inf,inf,inf,inf,inf,inf,inf,6.984945513668876,inf,inf,9.110247892236279,inf,2.615228099694751,inf,inf,inf,inf,inf,inf,inf,9.134560138655791,inf,inf,inf,inf,inf,inf,inf,inf,inf,9.13291173987184,inf,inf,inf,inf,inf,0,inf,inf,8.067682913222082,inf,inf,inf,inf,2.5391345673433596,inf,0.1569202994717045,inf,inf,inf,inf,2.7171145673118016,inf,inf,9.23670334832481,inf,inf,8.20217266023985,inf,5.670782401977385,8.309811510998282,9.912515038789783,inf,6.117553474392359,inf,inf
inf,8.106351486231208,inf,2.5613660770827384,inf,inf,inf,inf,inf,inf,0.7022481963057281,inf,inf,6.360393557224986,inf,inf,inf,7.342495366851773,inf,inf,inf,inf,inf,inf,inf,inf,inf,inf,inf,4.956360756683917,7.687634257940321,inf,inf,inf,0.807081508540014,6.723272311149459,inf,5.497050002737259,inf,inf,inf,inf,inf,inf,inf,inf,0.41725731935639887,inf,8.55514348443405,inf,inf,inf,inf,9.155029925089394,inf,inf,inf,inf,inf,4.3373131263866185,inf,inf,inf,inf,inf,8.541740223808368,3.2264257575080912,inf,inf,inf,inf,0,inf,inf,inf,inf,inf,inf,inf,0.05516169377355551,inf,inf,inf,inf,inf,3.4438598432639345,inf,inf,inf,inf,inf,inf,inf,inf,inf,8.422242692555614,inf,inf,inf,5.799892754766995
3.338189195378274,inf,5.101681426967959,inf,inf,inf,inf,inf,inf,inf,6.328751741777037,inf,inf,3.3894734632382173,inf,inf,inf,inf,inf,inf,7.738589974299234,inf,inf,inf,inf,inf,inf,inf,inf,inf,9.32923947306002,4.457142496566276,inf,inf,inf,inf,inf,3.2623455864553152,inf,inf,inf,inf,8.91222724785419,inf,inf,inf,inf,inf,inf,7.4246975881026955,inf,inf,inf,9.64054612362888,inf,5.293455481722696,inf,inf,0.6507769451422263,inf,inf,inf,inf,inf,inf,inf,inf,5.151701505403895,8.93996803003714,inf,inf,inf,0,1.6417758056688758,inf,inf,inf,inf,inf,1.7685337632164877,inf,8.88951277925533,inf,inf,inf,inf,inf,inf,inf,inf,3.100832716681299,inf,inf,8.292306245138303,inf,inf,0.8811150960474701,6.861366689461881,inf,inf
inf,inf,inf,inf,4.49289248989845,4.763633220820465,inf,6.652490666617737,inf,inf,inf,inf,inf,inf,inf,inf,inf,inf,inf,inf,2.848417086657389,inf,inf,2.0709557884148255,inf,inf,inf,inf,inf,inf,inf,inf,inf,5.408138840367044,inf,inf,inf,inf,inf,inf,inf,inf,inf,inf,0.30763205386858394,inf,inf,inf,inf,inf,inf,2.3182565413965097,inf,inf,6.4303291640449824,inf,6.139846525334392,inf,4.022037805180677,inf,inf,inf,inf,inf,inf,inf,inf,inf,inf,5.937774095576317,8.067682913222082,inf,1.6417758056688758,0,inf,inf,inf,inf,inf,inf,5.655556967559252,inf,inf,inf,inf,inf,5.666280475679432,inf,0.4878624401078291,inf,inf,inf,4.641857952533417,inf,inf,inf,inf,inf,7.5373119143242695,inf
inf,inf,inf,inf,inf,inf,inf,inf,inf,inf,4.0201364848917045,inf,inf,inf,inf,inf,inf,8.997580635003223,inf,inf,inf,7.2377598649752795,3.9849102825797345,inf,inf,inf,6.279895738847962,inf,inf,inf,0.5873311525060876,inf,inf,inf,3.0695905245735364,inf,7.892181410324332,3.381137077083307,inf,inf,inf,inf,inf,inf,inf,9.912439002489329,5.940184914571455,inf,inf,inf,inf,inf,inf,2.7798877587072823,inf,inf,inf,inf,inf,inf,4.409390837905125,inf,inf,inf,inf,inf,inf,inf,inf,inf,inf,inf,inf,inf,0,0.00391951194543938,5.310456805987579,inf,inf,inf,inf,inf,inf,inf,inf,inf,inf,inf,inf,inf,inf,inf,inf,inf,inf,inf,9.6097047563428,inf,0.47192102763524146,inf
inf,inf,0.7152297203044999,inf,inf,inf,inf,inf,inf,inf,inf,inf,inf,inf,inf,inf,inf,inf,inf,0.32145560889144775,inf,inf,7.76311612236421,inf,inf,inf,inf,inf,inf,inf,0.1322505148720876,inf,inf,inf,7.541144857445129,inf,inf,inf,2.6222726659704954,4.570536060027934,inf,inf,inf,inf,inf,inf,inf,inf,inf,inf,inf,inf,inf,0.8831275428480245,inf,inf,inf,inf,inf,inf,inf,inf,inf,inf,inf,7.6562778110783425,inf,4.277955808767219,0.4374102149042369,8.316989456122265,inf,inf,inf,inf,0.00391951194543938,0,inf,inf,inf,inf,inf,inf,3.9233075134161286,inf,inf,inf,inf,inf,inf,7.027052801718642,inf,inf,inf,5.126253883667147,inf,inf,inf,inf,inf,inf
0.8339631171426243,inf,inf,inf,inf,inf,inf,8.000467169019002,inf,inf,1.340959997932678,9.132435271209117,inf,6.333117883376403,9.342932882671295,inf,inf,inf,inf,inf,inf,inf,inf,inf,inf,8.790426160023246,inf,4.840306980663617,inf,inf,inf,inf,inf,inf,inf,inf,0.055622452960899516,inf,inf,inf,inf,1.9411398068698393,5.67481838401096,inf,inf,inf,inf,inf,inf,inf,inf,7.481374572578358,inf,0.61576999950268,inf,inf,inf,inf,inf,3.033113847321931,5.943682796154639,inf,inf,inf,5.818672744943749,6.19130557002971,inf,inf,inf,inf,inf,inf,inf,inf,5.310456805987579,inf,0,inf,inf,inf,inf,inf,6.975486782091885,9.359673374537632,inf,1.4730921528519525,inf,2.93406412205199,inf,8.043520673306158,inf,inf,inf,inf,inf,inf,inf,inf,4.622731593100189,inf
6.7308873034990615,inf,inf,7.676451837006455,inf,inf,3.0080674135672822,3.6027276359819096,inf,inf,inf,inf,2.1344788996359574,inf,inf,inf,inf,inf,inf,3.2603969455627313,inf,inf,inf,inf,inf,inf,inf,8.97177183045359,inf,7.645422130724391,inf,8.093576310492889,1.872530757642501,inf,inf,9.777954214933972,inf,inf,inf,5.163775781206592,8.140975317423337,2.1938409141287316,inf,4.099920763286475,inf,inf,inf,7.603793388323952,inf,inf,inf,0.24554508769342953,8.663616660597077,inf,inf,inf,1.2630136426848027,inf,inf,inf,7.037585414924856,inf,inf,inf,7.239555482840718,inf,inf,inf,inf,inf,inf,inf,inf,inf,inf,inf,inf,0,inf,inf,1.0695517346800298,inf,inf,6.206496402454307,6.788640138525562,inf,inf,inf,1.045566690255858,inf,inf,inf,inf,6.297833794569087,inf,inf,inf,6.293549607818328,inf,inf
inf,inf,1.465965834397892,inf,inf,inf,inf,inf,inf,1.7075546054899393,inf,inf,1.6023656525057894,9.304846424443298,inf,inf,5.623456103022147,9.141290585018439,inf,inf,9.451948799909065,inf,inf,2.8515688565633077,inf,inf,inf,inf,0.5617283887010893,6.484926116118538,inf,9.242597727321238,inf,inf,inf,inf,inf,inf,inf,inf,4.9855279383748154,inf,inf,inf,inf,7.94937091398653,inf,inf,inf,inf,inf,inf,inf,inf,1.1129885543813045,inf,inf,inf,inf,inf,inf,inf,inf,8.431468027873159,inf,inf,inf,inf,inf,inf,2.5391345673433596,inf,inf,inf,inf,inf,inf,inf,0,inf,inf,inf,inf,inf,inf,inf,7.0410407411898825,inf,inf,9.5192992679577,inf,inf,inf,inf,6.4863708637324855,inf,inf,4.3711056850679935,inf,inf
inf,2.622402889067321,inf,inf,inf,inf,0.11987416623428393,9.338150507738227,6.084307077190023,inf,inf,inf,inf,inf,inf,inf,inf,4.229270663867224,6.012334951591352,inf,inf,inf,8.1530462175902,inf,inf,inf,3.0343454072396367,inf,inf,inf,inf,inf,inf,inf,6.186547139540863,inf,inf,inf,inf,inf,inf,inf,inf,inf,inf,inf,7.123206247525883,inf,inf,inf,inf,inf,inf,inf,inf,inf,inf,inf,inf,inf,inf,inf,inf,inf,9.546554723008322,inf,6.81517621207175,9.664957844109166,inf,inf,inf,0.05516169377355551,1.7685337632164877,inf,inf,inf,inf,inf,inf,0,inf,inf,inf,inf,inf,5.682392670238646,inf,inf,inf,inf,6.281587068038107,inf,inf,inf,inf,inf,inf,inf,8.854294364229254,inf
inf,inf,inf,inf,9.266878985638352,inf,5.440593381966337,1.6221514431711181,inf,inf,inf,inf,inf,inf,6.203702217757744,inf,inf,inf,0.4873024524660996,5.990945529696605,inf,inf,3.0523683515485223,inf,inf,inf,inf,9.741750136662201,inf,inf,5.096030609916507,inf,inf,inf,inf,inf,inf,9.966396810844284,inf,inf,inf,3.3288665061312606,1.007029212635222,inf,inf,inf,inf,inf,inf,inf,inf,inf,inf,inf,inf,inf,inf,inf,inf,inf,inf,inf,inf,inf,inf,inf,inf,inf,7.066727600539493,1.7440079715776668,0.1569202994717045,inf,inf,5.655556967559252,inf,inf,inf,1.0695517346800298,inf,inf,0,inf,inf,inf,8.519681410968506,inf,inf,inf,9.33317419841715,1.347572654018887,inf,inf,inf,inf,inf,inf,inf,inf,2.6269565490764144,inf
inf,inf,inf,inf,inf,inf,inf,inf,inf,inf,0.5556433397123028,inf,inf,4.348703871836115,inf,inf,inf,inf,inf,inf,inf,9.022049999766825,inf,inf,inf,inf,inf,5.615595278672307,inf,inf,2.425911949573721,inf,inf,inf,inf,inf,inf,inf,7.3504700873741875,7.790695706253546,inf,inf,inf,inf,inf,4.615545678427636,inf,inf,inf,inf,inf,inf,inf,inf,inf,inf,inf,inf,inf,inf,inf,inf,inf,inf,inf,inf,inf,5.370147701989271,inf,inf,inf,inf,8.88951277925533,inf,inf,inf,inf,inf,inf,inf,inf,0,inf,3.0752989542756017,inf,inf,inf,5.33824607519358,inf,inf,inf,2.778396433547925,inf,inf,inf,inf,inf,7.120988133760594,inf,inf
inf,inf,inf,inf,inf,inf,inf,inf,inf,inf,inf,inf,6.825499269931598,9.51692032815988,inf,inf,inf,inf,inf,inf,4.685160567756687,4.361083955352539,inf,inf,inf,0.8573219160719225,inf,7.571080616089539,inf,inf,inf,inf,inf,inf,inf,inf,inf,inf,inf,inf,6.129583668560942,inf,5.785167301498493,inf,inf,2.417867412164388,inf,inf,inf,inf,inf,inf,inf,inf,7.170826027896011,6.531125929102446,inf,9.024642402594253,inf,5.392846347719847,inf,inf,inf,inf,inf,inf,9.796248321755751,inf,inf,inf,inf,inf,inf,inf,inf,3.9233075134161286,6.975486782091885,inf,inf,inf,inf,inf,0,inf,inf,inf,inf,3.4832055139233367,inf,inf,inf,5.576977217455993,inf,inf,inf,9.696960694097701,inf,inf,inf,9.416616552850295
6.732152020953764,4.637283713897876,inf,inf,inf,6.020396779298634,7.184910060746691,inf,3.923472347438044,inf,inf,inf,inf,inf,inf,inf,inf,inf,inf,7.9240314792559445,inf,inf,5.964683284955566,inf,inf,inf,inf,4.288659079864731,inf,inf,inf,5.197751767151767,inf,inf,5.985672045156854,inf,2.410759252469543,inf,7.072599305540281,inf,inf,inf,inf,inf,inf,1.278449934888407,inf,inf,inf,inf,inf,inf,inf,inf,inf,inf,inf,inf,inf,inf,inf,inf,7.533300783897969,8.159996308112447,7.40034091254239,inf,inf,inf,8.477188599698593,inf,inf,inf,inf,inf,inf,inf,9.359673374537632,6.206496402454307,inf,inf,inf,3.0752989542756017,inf,0,inf,inf,inf,inf,inf,inf,3.2477684494714953,0.06253436347157026,inf,6.245560507482199,1.3415767741540374,inf,inf,6.162757546172082,inf,inf
6.074377027511436,5.648547473607307,inf,5.247426026548903,inf,inf,9.047578558048222,inf,inf,inf,inf,inf,inf,9.768058040250262,8.424791676328551,3.0773560182533055,inf,4.75056669838974,inf,inf,inf,1.7860135707634528,3.713539454975492,inf,8.987339063695654,inf,inf,inf,inf,inf,inf,inf,0.2528395318201393,inf,inf,inf,inf,inf,inf,inf,inf,inf,2.8199267589487853,0.03384193825518578,inf,inf,inf,inf,inf,inf,inf,inf,inf,4.974307416984578,inf,inf,inf,2.1709400621465544,inf,inf,inf,inf,inf,inf,9.351485786272812,inf,inf,inf,inf,inf,inf,inf,inf,inf,inf,inf,inf,6.788640138525562,inf,inf,8.519681410968506,inf,inf,inf,0,inf,inf,inf,inf,inf,inf,inf,inf,inf,inf,7.180110078101932,inf,inf,4.695550474176441,inf
inf,inf,inf,inf,inf,inf,inf,inf,inf,inf,1.0634238713397126,9.800444501733418,inf,5.832194848613121,inf,inf,inf,1.0226134622217486,inf,inf,inf,3.1379793416450044,inf,8.366466969640959,inf,6.982630506368553,inf,inf,inf,inf,inf,inf,3.3598542769433024,inf,1.8002907673121404,inf,inf,inf,inf,inf,1.7039165926480904,inf,inf,inf,inf,inf,8.798372680493987,inf,inf,inf,inf,inf,inf,inf,inf,inf,inf,inf,inf,inf,inf,inf,inf,inf,inf,inf,0.7809964773553202,inf,inf,inf,2.7171145673118016,3.4438598432639345,inf,inf,inf,inf,1.4730921528519525,inf,inf,5.682392670238646,inf,inf,inf,inf,inf,0,inf,inf,inf,inf,inf,inf,inf,inf,0.219591295965349,8.052800690699303,9.009777483548243,inf,2.2744067847265583,inf
inf,inf,inf,inf,inf,1.8610975858734935,inf,5.181648708266681,inf,inf,inf,inf,inf,inf,7.354947164250848,inf,1.3888750205159117,inf,inf,inf,inf,inf,inf,inf,inf,inf,inf,inf,inf,inf,inf,inf,inf,inf,inf,3.58926585843336,inf,inf,inf,0.23653399814792309,4.036870438585707,inf,inf,inf,inf,inf,inf,inf,inf,8.898827174141731,inf,inf,inf,inf,inf,inf,inf,inf,inf,9.26137259971474,1.7704115461870262,inf,inf,inf,inf,inf,inf,inf,inf,inf,inf,inf,inf,5.666280475679432,inf,inf,inf,inf,7.0410407411898825,inf,inf,inf,inf,inf,inf,inf,0,5.464636233016188,inf,inf,inf,inf,inf,inf,inf,4.5098028524755716,inf,4.830504673026823,inf,inf
5.951249984043072,inf,inf,inf,inf,inf,3.8152738177134693,inf,inf,inf,inf,inf,9.726935240443527,inf,inf,inf,inf,inf,8.195506210854123,inf,inf,5.189588386753389,2.3612167158617305,inf,inf,inf,inf,inf,inf,inf,inf,6.592140101659869,7.698398866334392,inf,inf,inf,inf,inf,inf,inf,inf,inf,inf,inf,inf,inf,inf,inf,inf,inf,inf,inf,inf,inf,6.785315571401353,inf,inf,inf,inf,inf,inf,inf,inf,inf,inf,9.354913513991045,9.3502803114438,inf,inf,inf,inf,inf,inf,inf,inf,inf,2.93406412205199,inf,inf,inf,inf,5.33824607519358,3.4832055139233367,inf,inf,inf,5.464636233016188,0,2.068581674486877,4.190993727725543,inf,inf,inf,4.734003904521461,inf,6.646855394929697,inf,inf,inf,inf
9.145021305952543,inf,inf,inf,inf,inf,inf,6.449886579394926,inf,8.534293086677708,inf,inf,inf,5.44327756587835,inf,inf,inf,inf,inf,inf,inf,inf,inf,inf,inf,7.6228622505314805,8.25271051547443,inf,inf,inf,3.752661265803958,inf,inf,inf,inf,inf,inf,inf,inf,inf,inf,5.282743069249062,inf,7.072302052499339,inf,4.1754829756673555,inf,inf,inf,inf,inf,inf,inf,inf,inf,0.003927397500672614,inf,2.6941374494141246,inf,inf,inf,inf,7.756693164830368,inf,inf,inf,inf,inf,1.4790547327471038,inf,9.23670334832481,inf,inf,0.4878624401078291,inf,inf,inf,1.045566690255858,inf,inf,9.33317419841715,inf,inf,inf,inf,inf,inf,2.068581674486877,0,inf,inf,inf,inf,inf,6.573164747458982,inf,inf,5.9128042566764725,inf,inf
inf,inf,inf,inf,inf,inf,inf,inf,inf,inf,inf,inf,inf,inf,inf,inf,inf,inf,inf,inf,inf,inf,inf,inf,8.392022262183538,inf,inf,inf,inf,inf,inf,inf,inf,3.027248569338512,inf,inf,inf,inf,9.463122638791683,8.631443455371787,1.9405461158896076,inf,5.3696775401931145,inf,inf,inf,inf,0.727141436406481,inf,inf,9.52110555425185,inf,inf,inf,1.8758661918312114,8.324140860941066,inf,inf,4.624324095975597,inf,inf,inf,inf,inf,inf,inf,inf,inf,inf,9.57075872759361,inf,inf,inf,inf,inf,7.027052801718642,8.043520673306158,inf,9.5192992679577,inf,1.347572654018887,inf,inf,inf,inf,inf,inf,4.190993727725543,inf,0,inf,inf,2.4854440505716946,inf,inf,9.785891956982832,inf,2.8096464027689616,inf,inf
inf,inf,inf,inf,inf,inf,inf,inf,0.012874652340094661,inf,inf,inf,inf,inf,inf,inf,inf,inf,inf,inf,inf,7.150406210926398,inf,inf,inf,inf,inf,8.92391525054575,0.7372016286538274,2.775553749974131,inf,1.4543364099130807,inf,inf,9.74547066729818,inf,inf,inf,inf,inf,inf,2.2568898582608945,inf,inf,inf,inf,inf,inf,inf,inf,inf,inf,inf,0.9003605610322774,inf,inf,1.6837530115272403,inf,inf,inf,inf,inf,inf,3.0500916010642767,inf,inf,8.30627955476836,inf,inf,inf,inf,inf,3.100832716681299,inf,inf,inf,inf,inf,inf,6.281587068038107,inf,inf,inf,3.2477684494714953,inf,inf,inf,inf,inf,inf,0,inf,inf,inf,inf,inf,inf,inf,inf,inf
inf,9.086202164036056,inf,inf,inf,5.804859451091756,inf,inf,inf,0.68885682663958,inf,8.344575324200951,inf,inf,3.591787548077309,inf,inf,inf,inf,inf,inf,inf,inf,inf,6.4468846293859325,3.962029375824189,inf,inf,inf,inf,inf,inf,inf,7.667301616357358,inf,inf,3.247825831153359,inf,inf,inf,inf,2.2166873659344066,inf,inf,inf,4.628246132735646,inf,inf,inf,inf,inf,inf,inf,inf,inf,inf,inf,inf,inf,8.924026535850832,inf,inf,4.928856121040433,inf,3.094390288087674,inf,inf,4.2756185713430686,inf,inf,8.20217266023985,inf,inf,inf,inf,inf,inf,inf,inf,inf,inf,2.778396433547925,5.576977217455993,0.06253436347157026,inf,inf,inf,inf,inf,inf,inf,0,inf,inf,inf,inf,inf,inf,6.31295485551634,inf
inf,7.859856525358122,inf,inf,inf,inf,inf,inf,inf,inf,2.8297194698553776,2.837308001201033,inf,5.022666238105056,1.309996808660454,inf,inf,inf,inf,inf,inf,8.97722541470616,inf,inf,inf,inf,inf,inf,inf,2.064191155059273,inf,inf,inf,inf,inf,inf,inf,inf,inf,inf,inf,7.858884911996052,2.697914681298305,3.9735243260690236,inf,inf,inf,4.5774929415501475,inf,inf,2.2719214408115684,inf,inf,inf,4.020632424000229,inf,inf,7.28259932602561,inf,inf,inf,inf,inf,6.241809201147377,inf,1.7146789630958092,inf,inf,inf,inf,inf,inf,inf,4.641857952533417,inf,inf,inf,inf,inf,inf,inf,inf,inf,inf,inf,inf,inf,inf,inf,2.4854440505716946,inf,inf,0,inf,inf,inf,inf,inf,inf,7.793842686467835
inf,inf,inf,inf,inf,inf,inf,inf,inf,inf,inf,5.398761430774032,inf,5.601938592262292,inf,inf,inf,inf,inf,inf,inf,7.848791328753343,inf,inf,inf,inf,inf,inf,inf,4.960761335307259,inf,inf,inf,inf,inf,inf,inf,inf,inf,inf,inf,inf,inf,inf,inf,inf,inf,inf,inf,inf,inf,inf,inf,inf,6.57918491002155,inf,inf,inf,inf,6.2965322923733265,inf,inf,inf,0.7701166242503454,inf,inf,inf,inf,inf,inf,5.670782401977385,inf,8.292306245138303,inf,inf,5.126253883667147,inf,6.297833794569087,inf,inf,inf,inf,inf,6.245560507482199,inf,inf,inf,4.734003904521461,inf,inf,inf,inf,inf,0,inf,inf,3.9251832194825087,7.824110052042064,inf,inf
inf,4.799099638748375,inf,inf,2.9293083947219936,inf,inf,4.611367709070089,inf,inf,inf,8.122585487377705,inf,inf,inf,inf,inf,inf,inf,inf,inf,inf,5.282814554807045,inf,inf,inf,inf,5.842095097509543,inf,inf,inf,inf,inf,inf,inf,inf,0.30481040822184835,inf,inf,inf,inf,inf,inf,6.3320575421323095,inf,inf,5.220331357519577,inf,inf,inf,inf,7.363009661646064,inf,inf,inf,inf,inf,inf,inf,inf,6.525001177750184,inf,4.493987673700966,4.226250783627155,4.713014052551012,5.72344613996028,inf,inf,inf,1.8368857436789188,8.309811510998282,inf,inf,inf,inf,inf,inf,inf,6.4863708637324855,inf,inf,inf,inf,1.3415767741540374,inf,0.219591295965349,inf,inf,6.573164747458982,inf,inf,inf,inf,inf,0,inf,inf,inf,inf,6.629611665687369
inf,inf,inf,inf,inf,inf,inf,inf,3.7944344611021394,inf,inf,inf,inf,2.311213050643197,inf,inf,inf,inf,inf,inf,inf,inf,inf,inf,0.18298406103116172,inf,inf,inf,inf,4.396425104031304,0.6475739429390737,inf,2.4693998240180504,4.267814767900603,3.98796323924815,inf,inf,inf,9.810790738311292,inf,inf,inf,8.438818038939731,inf,7.027735949809425,inf,1.86095425862298,inf,0.9407581543186649,inf,0.7796443128764075,inf,inf,inf,inf,inf,inf,inf,inf,inf,inf,inf,inf,inf,3.7306492329407517,3.645195811580951,inf,2.878544027308515,inf,inf,9.912515038789783,8.422242692555614,inf,inf,inf,inf,inf,inf,inf,inf,inf,inf,9.696960694097701,inf,7.180110078101932,8.052800690699303,4.5098028524755716,6.646855394929697,inf,9.785891956982832,inf,inf,inf,inf,inf,0,inf,inf,7.896452529502702,8.92228715566624
inf,inf,inf,8.06788024069872,inf,inf,inf,inf,6.360813114212678,inf,inf,inf,inf,inf,inf,inf,inf,inf,inf,inf,inf,inf,inf,inf,inf,inf,inf,1.087581781592638,0.7598463874351291,inf,1.179519844641539,inf,inf,inf,inf,inf,inf,inf,inf,inf,inf,inf,inf,inf,1.3618577781897834,inf,inf,inf,inf,inf,inf,inf,inf,inf,inf,3.7964139653339934,7.496067404240979,inf,inf,4.976254275383258,inf,inf,inf,inf,inf,inf,inf,0.8366891227454742,5.614610978720698,inf,inf,inf,0.8811150960474701,inf,9.6097047563428,inf,inf,inf,inf,inf,inf,inf,inf,inf,inf,9.009777483548243,inf,inf,inf,inf,inf,inf,inf,3.9251832194825087,inf,inf,0,0.3633660792398363,inf,inf
inf,inf,inf,4.799967873005558,9.587025998259431,inf,inf,inf,inf,inf,inf,7.957489159433596,inf,inf,inf,inf,inf,inf,inf,inf,inf,inf,9.349310297506278,inf,inf,inf,2.537759170931746,1.8386195569218777,inf,inf,inf,inf,inf,6.985493567026842,inf,inf,inf,inf,inf,inf,inf,inf,inf,inf,inf,inf,inf,inf,inf,inf,inf,inf,inf,9.618289529061318,inf,inf,inf,inf,inf,inf,inf,inf,inf,inf,inf,inf,inf,inf,inf,5.835497763911192,6.117553474392359,inf,6.861366689461881,inf,inf,inf,inf,6.293549607818328,4.3711056850679935,inf,inf,7.120988133760594,inf,6.162757546172082,inf,inf,4.830504673026823,inf,5.9128042566764725,2.8096464027689616,inf,inf,inf,7.824110052042064,inf,inf,0.3633660792398363,0,inf,inf
inf,inf,inf,8.547542946841164,inf,inf,inf,inf,inf,inf,inf,inf,inf,5.097302909517901,inf,inf,inf,inf,inf,inf,inf,inf,inf,inf,inf,inf,inf,5.938832631178039,3.492356259972116,4.267015088473745,inf,inf,inf,inf,inf,inf,inf,inf,6.692446270763669,inf,inf,inf,inf,inf,1.5714498840381141,inf,inf,inf,inf,inf,0.2778784873568707,inf,inf,7.166599472544508,inf,inf,inf,inf,inf,inf,inf,inf,inf,inf,inf,5.179957758008853,0.3217187916787878,inf,inf,inf,inf,inf,inf,7.5373119143242695,0.47192102763524146,inf,4.622731593100189,inf,inf,8.854294364229254,2.6269565490764144,inf,inf,inf,4.695550474176441,2.2744067847265583,inf,inf,inf,inf,inf,6.31295485551634,inf,inf,inf,7.896452529502702,inf,inf,0,inf
inf,inf,inf,inf,inf,inf,inf,inf,9.77880632933208,8.381193404455383,inf,inf,inf,inf,inf,inf,inf,inf,inf,inf,inf,2.2391526153575714,inf,inf,6.4005937556177726,inf,inf,inf,2.4083192178600643,inf,8.478709508038488,3.121618257024771,inf,inf,inf,inf,inf,inf,inf,3.909974070235286,0.30748461727764353,5.806126375432133,2.0964494277814785,inf,inf,3.729641335861081,inf,inf,inf,inf,4.519420370293594,inf,inf,inf,inf,inf,3.9311288490411176,4.663719188277689,5.2555936775053835,inf,inf,inf,inf,inf,inf,inf,inf,inf,inf,inf,inf,5.799892754766995,inf,inf,inf,inf,inf,inf,inf,inf,inf,inf,9.416616552850295,inf,inf,inf,inf,inf,inf,inf,inf,inf,7.793842686467835,inf,6.629611665687369,8.92228715566624,inf,inf,inf,0
